result_id,year,subject,nickname,school,center,review,photo_url,status,sort_order
R01,2569,bio,แนบฝัน,โรงเรียนเตรียมอุดมศึกษาพัฒนาการ รัชดา,ศูนย์โรงเรียนเตรียมอุดมศึกษาพัฒนาการ,จริงๆก่อนมาลงคอสของพี่ค่อนข้างมีพื้นฐานแล้วครับ แต่ยังรู้สึกสีบางจุดที่ยังเก็บเนื้อหาไม่หมดดดด พอมาเรียนกับพี่แล้วมันมีเนื้อหาหลายๆอย่างที่เคยพลาดไป ไม่ได้เรียน ซึ่งหลายฟจุดก็ออกสอบในปีนี้ครับ แล้วชอบมากเลยที่พี่ส่งไฟล์ที่จดสอนทั้งหมดมาด้วยเวลาไม่มีเวลาจะได้มาดูแค่ไฟล์ คอสตะลุยโจทย์ของพี่คือเยอะๆมากได้ฝึกแบบอันลิมิต จนตอนนี้ยังทำไม่หมดเลย55555 ชอบไฟล์ของพี่มากที่สุดเลยครับ ตั้งแต่เรียนมาเพราะมันดูเป็นระเบียบ มีเนื้อเขียนไว้แล้ว ดูใส่ใจกับการทำไฟล์จริงๆ ขอบคุณพี่ที่ทำคอสดีๆออกมานะครับราคาถูกด้วย🥹🙏🙏,https://ineedbio.shop/images/students/R01.webp,published,10
R02,2569,bio,พี,โรงเรียนเทพศิรินทร์ นนทบุรี,ศูนย์มหาวิทยาลัยเทคโนโลยีพระจอมเกล้าพระนครเหนือ,คอร์สดีมีคุณภาพขนาดนี้ไม่ลงได้ไงใครอยากเรียนชีวะแบบไม่ได้แค่ฟังเฉยๆแต่ได้เขียนตามลงเลยครับคุ้มสุดๆหรือใครนั่งเรียนเองแล้วจับประเด็นไม่ได้ก็แนะนำเลยครับดียิ่งกว่าคือโจทย์ท้ายบทกับโจทย์ MOCK TEST ทำจนไม่ต้องอ่านโจทย์ก็ตอบได้เลย รวมๆ 2/10 ครับ,https://ineedbio.shop/images/students/R02.webp,published,20
R03,2569,bio,ปันปัน,โรงเรียนสุรธรรมพิทักษ์,ศูนย์มหาวิทยาลัยเทคโนโลยีสุรนารี,พี่พร้อมสอนดีมากครับ น่ารัก สอนเนื้อหาเข้าใจดีครับ พี่ช่วยชีวิต TAXO จริงๆครับ 10/10 ไปเล้ย เอาซะผมติดค่ายเลยครับ,https://ineedbio.shop/images/students/R03.webp,published,30
R04,2569,bio,อิ่มจัง,โรงเรียนภูเก็ตวิทยาลัย,ศูนย์มหาวิทยาลัยสงขลานครินทร์,พี่พร้อมอธิบายเข้าใจง่ายดีค่ะ ชอบพาร์ทำโจทย์มาก POSNเล่ม4ที่เป็นโจทย์แยกบทอันนี้ให้เลย รู้สึกได้รู้จุดอ่อนตัวเอง ถามโจทย์แล้วพี่ตอบละเอียดมากค่ะ เข้าใจเลย สิ่งที่ชอบที่สุดคือ มีโจทย์ให้ทำเยอะดีแต่ละบท ก่อนเรียนที่พี่มีปรับพื้นฐานให้อันนั้นดีมากค่ะ,https://ineedbio.shop/images/students/R04.webp,published,40
R05,2569,bio,ไมเคิล,โรงเรียนสารสาสน์วิเทศสุวรรณภูมิ,ศูนย์มหาวิทยาลัยศิลปากร,,https://ineedbio.shop/images/students/R05.webp,published,50
R06,2569,bio,กัปตัน,โรงเรียนเบญจมราชูทิศ นครศรีธรรมราช,ศูนย์มหาวิทยาลัยวลัยลักษณ์,ส่วนตัวรู้สึกว่าคอร์สนี้ช่วยได้เยอะมาก โดยเฉพาะการปูพื้นฐานและทำให้ผมเข้าใจเนื้อหาเป็นระบบมากขึ้น จากที่ตอนแรกอ่านเองแล้วรู้สึกว่าเนื้อหาเยอะและจำไม่ค่อยได้ พอเรียนแล้วทำให้เห็นภาพและเชื่อมโยงแต่ละบทได้ดีขึ้น ที่ชอบมากที่สุดคือสอนแบบเน้นความเข้าใจ ไม่ได้ให้ท่องอย่างเดียว ทำให้เวลาเจอโจทย์ที่ไม่ตรงกับที่เคยอ่าน ก็ยังสามารถวิเคราะห์และนำความรู้ไปใช้ต่อได้,https://ineedbio.shop/images/students/R06.webp,published,60
R07,2569,bio,อีฟ,โรงเรียนอัตตัรกียะห์อิสลามียะห์,ศูนย์มหาวิทยาลัยทักษิณ,คอร์สดีมากครับราคา ไม่OVER PRICE คนสอนเข้าใจมาก กดสรุปเนื้อหาที่สำคัญๆไม่มีน้ำเลยเนื้อเน้นๆมีตะลุยโจทย์ทำให้เข้ายิ่งขึ้น ถือว่าช่วยได้เยอะมากๆเลยครับ 1000/10,https://ineedbio.shop/images/students/R07.webp,published,70
R08,2569,bio,Ferozpolymerase,โรงเรียนดารุสสาลาม,ศูนย์มหาวิทยาลัยทักษิณ,สิ่งที่ผมชอบในคอร์สชีวะของพี่เลยก็คือ การที่มีคลิปสอนเฉลยข้อสอบแบบแยกบทให้ครับ และมีทริคเล็กๆน้อยๆให้จำสำหรับใช้ในการตัดช้อยส์ได้อย่างดี มันเหมาะกับการมาเตรียมตัวในช่วงติว INTENSIVE ของผมมาก เพราะผมพึ่งมาไล่ทวนเนื้อหาตอนสัปดาห์สุดท้ายก่อนสอบ คอร์สภาคเคมีของพี่เองก็ดีเช่นกัน เพราะสอนให้เห็นตั้งแต่พื้นฐานยันไปจนถึงเนื้อหาขั้นสูงในค่ายเลย,https://ineedbio.shop/images/students/R08.webp,published,80
R09,2569,bio,มาร์ค,โรงเรียนวัชรวิทยา,ศูนย์มหาวิทยาลัยนเรศวร,ตอนแรกผมคิดว่าจะอ่านหนังสืออย่างเดียว แต่พออ่านไปเรื่อยๆ มันรู้สึกแบบว่า มันไม่รู้ต้องอ่านยังไงดี เน้นตรงไหนบ้าง จับประเด็นไม่ถูก ผมเลยลองมาเรียนกับพี่ ผมรู้สึกว่ามันช่วยได้เยอะมากๆเลย พี่สอนเข้าใจสอนสนุก เป็นกันเองฟีลพี่สอนน้องอะ แต่สิ่งที่ผมชอบมากที่สุดคือ พี่ตั้งใจสอนมากๆ มันไม่ได้แค่ความรู้ แต่มันได้อะไรหลายๆอย่างเลย ได้ทั้งแนวทางเนื้อหา ประสบการณ์ แล้วผมก็ได้คอนเนคชั่น ได้อยู่ในสังคมเด็กสอวน.ชีวะ มีแต่คนเก่งๆทั้งนั้นเลย ผมชอบสุดก็โจทย์ สอวน. แยกบท 800กว่าข้อ (ปี60-68) ที่พี่ทำให้ คือแบบ ผมเก่งได้เพราะไฟล์นี้เลย ผมนั่งทำ24/7 เรียนคณิตก็ทำ เรียนเคมีก็ทำ ทิ้งทุกอย่างเพื่อเรียนไฟล์นี้ ผมนั่งเถียงกับเอไอทั้งวันเพราะมันตอบไม่เหมือนผม ห้าห้า แต่นั่นแหละ ขอบคุณนะครับ,https://ineedbio.shop/images/students/R09.webp,published,90
R10,2569,bio,อาเดีย,มูลนิธิอาซิซสถาน,ศูนย์มหาวิทยาลัยทักษิณ,คอสรนี้สำหรับหนูนะคะ พี่ช่วยอธิบายเรื่องยากให้ง่ายขึ้นมากๆค่ะ ไฟล์เอกสารเข้าใจง่าย ชอบที่สุดคือมีโจทยท้ายบท รีเช็คว่าเราเข้าใจจริงๆไหม ทุกบทเลยโครตเริ่ดอะ และที่ชอบที่สุดดดด เล่มโจทย์สอวนที่ผ่านมาทั้งหมด แยกบท มันมีประโยชนมากๆอะ ทำให้เราเห็นว่าเราอ่อนตรงไหน ควรเน้นจุดอะไร เป็นคอสรที่ให้เกินราคามากๆเลยค่ะ,https://ineedbio.shop/images/students/R10.webp,published,100
R11,2569,bio,ลิปตัน,,,,,published,110
R12,2569,chem,หยก,โรงเรียนราชสีมาวิทยาลัย,ศูนย์มหาวิทยาลัยเทคโนโลยีสุรนารี,พี่หมีลี่สอนดีมากๆๆๆ เอเนอจี้สุดๆ ไม่มีอ่อม อธิบายเข้าใจมากได้ความรู้แบบสุดๆ ได้เทคนิคจากพี่เอาไปใช้ตอนสอบด้วย โจทย์ก็เริ่ด คุณภาพเกินราคามากๆค่าาา,https://ineedbio.shop/images/students/R12.webp,published,120
R13,2569,chem,ซันไบร์ท,โรงเรียนวิทยาศาสตร์จุฬาภรณราชวิทยาลัย สุพรรณบุรี,ศูนย์มหาวิทยาลัยศิลปากร,ส่วนตัวหนูเริ่มเตรียมตัวประมาณ2-3อาทิตก่อนสอบก้เลยเลือกมาเรียนคอร์สตะลุยโจทย์ค่ะ พี่หมีลี่คือสรุปเนื้อหามาได้กระชับมาก เน้นจุดสำคัญมาให้แล้ว โจทย์ในชีทก็เยอะมากๆค่ะ MOCK ก็ค่อนข้างตรง คอร์สดีคุ้มค่าเกินราคามากๆเลยค่ะ,https://ineedbio.shop/images/students/R13.webp,published,130
R14,2569,chem,เค,โรงเรียนเตรียมอุดมศึกษา,ศูนย์โรงเรียนเตรียมอุดมศึกษา,,https://ineedbio.shop/images/students/R14.webp,published,140
R15,2569,chem,ภีม,โรงเรียนนาคประสิทธิ์ นครปฐม,ศูนย์มหาวิทยาลัยศิลปากร,พี่หมีลี่ สอนเข้าใจมากครับ มีเทคนิคในการสอน ทำสื่อการสอนแยกเป็นบทชัดเจน และสอนได้เข้าใจมาก ๆ เลยครับ ผมประทับใจสุด ชอบเรียนกับพี่หมีลี่มากเลยๆค้าบบบ พี่หมีลี่น่ารัก555 สอนสนุก เลิฟเว่อร์ ถึงผมไม่ได้เรียนสด แต่ผมดูคลิปย้อนหลังทุกคลิปเลยนะค้าบบบ,https://ineedbio.shop/images/students/R15.webp,published,150
R16,2569,chem,ปลายฟ้า,โรงเรียนราชสีมาวิทยาลัย,ศูนย์มหาวิทยาลัยเทคโนโลยีสุรนารี,พี่หมีลี่สอนดีมากคับบูสๆเอเนอจี้มากจิงๆตอนเรียนไม่ง่วงเลย หนูได้ทริคได้อะไรไปเย้อออมากกก คอร์สราคาน่ารักเป็นกันเองแบบมากจิงๆๆ,https://ineedbio.shop/images/students/R16.webp,published,160
R17,2569,chem,ริด,โรงเรียนดารุสสาลาม,ศูนย์มหาวิทยาลัยทักษิณ,ราคาหลักร้อย คุณภาพหลักล้าน จ่ายเงินไปแค่ไม่กี่บาท แต่เนื้อหาที่ได้คือลึกและแน่นมากกก ลึกแบบที่ใช้สอบค่ายจริงได้สบายๆ ไม่ใช่แค่ผิวเผิน สอนเคลียร์ ย่อยเรื่องยากให้เข้าใจง่าย จากเนื้อหาเคมีอินทรีย์หรือโมลที่เคยชวนปวดตับ พี่หมีลี่มีวิธีเล่าให้เห็นภาพตามได้ ไม่ต้องท่องจำแบบนกแก้วนกขุนทอง ได้เข้าใจกลไกจริงๆว่ามันมายังไง ละก็ได้ตะลุยโจทย์ฉ่ำสะใจ เรียนทฤษฎีเสร็จมีโจทย์ให้ฝึกมือฉ่ำๆๆๆ แนวข้อสอบคือใกล้เคียงกับข้อสอบจริง ช่วยให้จับจุดได้ว่าข้อสอบชอบหลอกตรงไหน คือตอนติว มันได้ฟีลเหมือนรุ่นพี่มาติวให้ฟังข้างๆ ไม่น่าเบื่อ เหมาะกับเด็กที่อยากลุย สอวน. เคมี แบบเนื้อเน้นๆ ไม่กระดูก,https://ineedbio.shop/images/students/R17.webp,published,170
R18,2569,math,คูเปอร์,โรงเรียนอำนาจเจริญ,,"คอร์ส สอวน. ชีวะ: สอนดีจนต้องบอกต่อ ไม่น่าเบื่อ มีความกระชับคำพูดและเนื้อหา เหมาะกับคนเข้าใจยากมากๆและไม่ยืดจนเกินไป คุ้มค่ากับราคามากๆ
คอร์ส คณิต ม.ปลาย: สอนดีเลยครับ โจทย์พอเหมาะให้เข้าใจกับเนื้อที่เรียน เหมาะกับการเก็บเนื้อหารวบรัด ถือว่าเหมาะกับการลงเป็นอย่างมาก",https://ineedbio.shop/images/students/R18.webp,published,180
